[
  {
    "name": "Application Start",
    "start": 1590028206298,
    "end": 1590028206651,
    "duration": 353,
    "pid": 11968,
    "index": 0
  },
  {
    "name": "Load Plugin",
    "start": 1590028206301,
    "end": 1590028206314,
    "duration": 13,
    "pid": 11968,
    "index": 1
  },
  {
    "name": "Load Config",
    "start": 1590028206314,
    "end": 1590028206339,
    "duration": 25,
    "pid": 11968,
    "index": 2
  },
  {
    "name": "Require(0) config/config.default.js",
    "start": 1590028206315,
    "end": 1590028206316,
    "duration": 1,
    "pid": 11968,
    "index": 3
  },
  {
    "name": "Require(1) node_modules/egg-session/config/config.default.js",
    "start": 1590028206318,
    "end": 1590028206318,
    "duration": 0,
    "pid": 11968,
    "index": 4
  },
  {
    "name": "Require(2) node_modules/egg-security/config/config.default.js",
    "start": 1590028206319,
    "end": 1590028206319,
    "duration": 0,
    "pid": 11968,
    "index": 5
  },
  {
    "name": "Require(3) node_modules/egg-jsonp/config/config.default.js",
    "start": 1590028206320,
    "end": 1590028206321,
    "duration": 1,
    "pid": 11968,
    "index": 6
  },
  {
    "name": "Require(4) node_modules/egg-onerror/config/config.default.js",
    "start": 1590028206321,
    "end": 1590028206322,
    "duration": 1,
    "pid": 11968,
    "index": 7
  },
  {
    "name": "Require(5) node_modules/egg-i18n/config/config.default.js",
    "start": 1590028206322,
    "end": 1590028206323,
    "duration": 1,
    "pid": 11968,
    "index": 8
  },
  {
    "name": "Require(6) node_modules/egg-watcher/config/config.default.js",
    "start": 1590028206323,
    "end": 1590028206324,
    "duration": 1,
    "pid": 11968,
    "index": 9
  },
  {
    "name": "Require(7) node_modules/egg-schedule/config/config.default.js",
    "start": 1590028206324,
    "end": 1590028206325,
    "duration": 1,
    "pid": 11968,
    "index": 10
  },
  {
    "name": "Require(8) node_modules/egg-multipart/config/config.default.js",
    "start": 1590028206325,
    "end": 1590028206326,
    "duration": 1,
    "pid": 11968,
    "index": 11
  },
  {
    "name": "Require(9) node_modules/egg-development/config/config.default.js",
    "start": 1590028206329,
    "end": 1590028206329,
    "duration": 0,
    "pid": 11968,
    "index": 12
  },
  {
    "name": "Require(10) node_modules/egg-logrotator/config/config.default.js",
    "start": 1590028206330,
    "end": 1590028206330,
    "duration": 0,
    "pid": 11968,
    "index": 13
  },
  {
    "name": "Require(11) node_modules/egg-static/config/config.default.js",
    "start": 1590028206331,
    "end": 1590028206331,
    "duration": 0,
    "pid": 11968,
    "index": 14
  },
  {
    "name": "Require(12) node_modules/egg-view/config/config.default.js",
    "start": 1590028206332,
    "end": 1590028206332,
    "duration": 0,
    "pid": 11968,
    "index": 15
  },
  {
    "name": "Require(13) node_modules/egg-mysql/config/config.default.js",
    "start": 1590028206333,
    "end": 1590028206333,
    "duration": 0,
    "pid": 11968,
    "index": 16
  },
  {
    "name": "Require(14) node_modules/egg-cors/config/config.default.js",
    "start": 1590028206334,
    "end": 1590028206334,
    "duration": 0,
    "pid": 11968,
    "index": 17
  },
  {
    "name": "Require(15) node_modules/egg/config/config.default.js",
    "start": 1590028206334,
    "end": 1590028206334,
    "duration": 0,
    "pid": 11968,
    "index": 18
  },
  {
    "name": "Require(16) config/config.default.js",
    "start": 1590028206336,
    "end": 1590028206336,
    "duration": 0,
    "pid": 11968,
    "index": 19
  },
  {
    "name": "Require(17) node_modules/egg-security/config/config.local.js",
    "start": 1590028206336,
    "end": 1590028206337,
    "duration": 1,
    "pid": 11968,
    "index": 20
  },
  {
    "name": "Require(18) node_modules/egg-watcher/config/config.local.js",
    "start": 1590028206337,
    "end": 1590028206337,
    "duration": 0,
    "pid": 11968,
    "index": 21
  },
  {
    "name": "Require(19) node_modules/egg-view/config/config.local.js",
    "start": 1590028206338,
    "end": 1590028206338,
    "duration": 0,
    "pid": 11968,
    "index": 22
  },
  {
    "name": "Require(20) node_modules/egg/config/config.local.js",
    "start": 1590028206338,
    "end": 1590028206339,
    "duration": 1,
    "pid": 11968,
    "index": 23
  },
  {
    "name": "Load extend/application.js",
    "start": 1590028206340,
    "end": 1590028206351,
    "duration": 11,
    "pid": 11968,
    "index": 24
  },
  {
    "name": "Require(21) node_modules/egg-session/app/extend/application.js",
    "start": 1590028206340,
    "end": 1590028206340,
    "duration": 0,
    "pid": 11968,
    "index": 25
  },
  {
    "name": "Require(22) node_modules/egg-security/app/extend/application.js",
    "start": 1590028206341,
    "end": 1590028206342,
    "duration": 1,
    "pid": 11968,
    "index": 26
  },
  {
    "name": "Require(23) node_modules/egg-jsonp/app/extend/application.js",
    "start": 1590028206342,
    "end": 1590028206343,
    "duration": 1,
    "pid": 11968,
    "index": 27
  },
  {
    "name": "Require(24) node_modules/egg-logrotator/app/extend/application.js",
    "start": 1590028206344,
    "end": 1590028206347,
    "duration": 3,
    "pid": 11968,
    "index": 28
  },
  {
    "name": "Require(25) node_modules/egg-view/app/extend/application.js",
    "start": 1590028206348,
    "end": 1590028206349,
    "duration": 1,
    "pid": 11968,
    "index": 29
  },
  {
    "name": "Load extend/request.js",
    "start": 1590028206351,
    "end": 1590028206355,
    "duration": 4,
    "pid": 11968,
    "index": 30
  },
  {
    "name": "Require(26) node_modules/egg/app/extend/request.js",
    "start": 1590028206352,
    "end": 1590028206353,
    "duration": 1,
    "pid": 11968,
    "index": 31
  },
  {
    "name": "Load extend/response.js",
    "start": 1590028206355,
    "end": 1590028206360,
    "duration": 5,
    "pid": 11968,
    "index": 32
  },
  {
    "name": "Require(27) node_modules/egg/app/extend/response.js",
    "start": 1590028206356,
    "end": 1590028206357,
    "duration": 1,
    "pid": 11968,
    "index": 33
  },
  {
    "name": "Load extend/context.js",
    "start": 1590028206360,
    "end": 1590028206411,
    "duration": 51,
    "pid": 11968,
    "index": 34
  },
  {
    "name": "Require(28) node_modules/egg-security/app/extend/context.js",
    "start": 1590028206360,
    "end": 1590028206369,
    "duration": 9,
    "pid": 11968,
    "index": 35
  },
  {
    "name": "Require(29) node_modules/egg-jsonp/app/extend/context.js",
    "start": 1590028206369,
    "end": 1590028206370,
    "duration": 1,
    "pid": 11968,
    "index": 36
  },
  {
    "name": "Require(30) node_modules/egg-i18n/app/extend/context.js",
    "start": 1590028206370,
    "end": 1590028206370,
    "duration": 0,
    "pid": 11968,
    "index": 37
  },
  {
    "name": "Require(31) node_modules/egg-multipart/app/extend/context.js",
    "start": 1590028206371,
    "end": 1590028206406,
    "duration": 35,
    "pid": 11968,
    "index": 38
  },
  {
    "name": "Require(32) node_modules/egg-view/app/extend/context.js",
    "start": 1590028206407,
    "end": 1590028206408,
    "duration": 1,
    "pid": 11968,
    "index": 39
  },
  {
    "name": "Require(33) node_modules/egg/app/extend/context.js",
    "start": 1590028206408,
    "end": 1590028206409,
    "duration": 1,
    "pid": 11968,
    "index": 40
  },
  {
    "name": "Load extend/helper.js",
    "start": 1590028206411,
    "end": 1590028206430,
    "duration": 19,
    "pid": 11968,
    "index": 41
  },
  {
    "name": "Require(34) node_modules/egg-security/app/extend/helper.js",
    "start": 1590028206411,
    "end": 1590028206426,
    "duration": 15,
    "pid": 11968,
    "index": 42
  },
  {
    "name": "Require(35) node_modules/egg/app/extend/helper.js",
    "start": 1590028206428,
    "end": 1590028206428,
    "duration": 0,
    "pid": 11968,
    "index": 43
  },
  {
    "name": "Load app.js",
    "start": 1590028206430,
    "end": 1590028206467,
    "duration": 37,
    "pid": 11968,
    "index": 44
  },
  {
    "name": "Require(36) node_modules/egg-session/app.js",
    "start": 1590028206430,
    "end": 1590028206431,
    "duration": 1,
    "pid": 11968,
    "index": 45
  },
  {
    "name": "Require(37) node_modules/egg-security/app.js",
    "start": 1590028206431,
    "end": 1590028206432,
    "duration": 1,
    "pid": 11968,
    "index": 46
  },
  {
    "name": "Require(38) node_modules/egg-onerror/app.js",
    "start": 1590028206432,
    "end": 1590028206437,
    "duration": 5,
    "pid": 11968,
    "index": 47
  },
  {
    "name": "Require(39) node_modules/egg-i18n/app.js",
    "start": 1590028206438,
    "end": 1590028206449,
    "duration": 11,
    "pid": 11968,
    "index": 48
  },
  {
    "name": "Require(40) node_modules/egg-watcher/app.js",
    "start": 1590028206450,
    "end": 1590028206452,
    "duration": 2,
    "pid": 11968,
    "index": 49
  },
  {
    "name": "Require(41) node_modules/egg-schedule/app.js",
    "start": 1590028206452,
    "end": 1590028206453,
    "duration": 1,
    "pid": 11968,
    "index": 50
  },
  {
    "name": "Require(42) node_modules/egg-multipart/app.js",
    "start": 1590028206453,
    "end": 1590028206454,
    "duration": 1,
    "pid": 11968,
    "index": 51
  },
  {
    "name": "Require(43) node_modules/egg-development/app.js",
    "start": 1590028206454,
    "end": 1590028206454,
    "duration": 0,
    "pid": 11968,
    "index": 52
  },
  {
    "name": "Require(44) node_modules/egg-logrotator/app.js",
    "start": 1590028206454,
    "end": 1590028206455,
    "duration": 1,
    "pid": 11968,
    "index": 53
  },
  {
    "name": "Require(45) node_modules/egg-static/app.js",
    "start": 1590028206455,
    "end": 1590028206456,
    "duration": 1,
    "pid": 11968,
    "index": 54
  },
  {
    "name": "Require(46) node_modules/egg-mysql/app.js",
    "start": 1590028206456,
    "end": 1590028206466,
    "duration": 10,
    "pid": 11968,
    "index": 55
  },
  {
    "name": "Require(47) node_modules/egg-cors/app.js",
    "start": 1590028206467,
    "end": 1590028206467,
    "duration": 0,
    "pid": 11968,
    "index": 56
  },
  {
    "name": "Before Start in node_modules/egg-watcher/lib/init.js:15:14",
    "start": 1590028206477,
    "end": 1590028206648,
    "duration": 171,
    "pid": 11968,
    "index": 57
  },
  {
    "name": "Before Start in node_modules/egg-mysql/lib/mysql.js:20:7",
    "start": 1590028206556,
    "end": 1590028206651,
    "duration": 95,
    "pid": 11968,
    "index": 58
  },
  {
    "name": "Load Service",
    "start": 1590028206557,
    "end": 1590028206561,
    "duration": 4,
    "pid": 11968,
    "index": 59
  },
  {
    "name": "Load \"service\" to Context",
    "start": 1590028206557,
    "end": 1590028206561,
    "duration": 4,
    "pid": 11968,
    "index": 60
  },
  {
    "name": "Load Middleware",
    "start": 1590028206561,
    "end": 1590028206617,
    "duration": 56,
    "pid": 11968,
    "index": 61
  },
  {
    "name": "Load \"middlewares\" to Application",
    "start": 1590028206561,
    "end": 1590028206610,
    "duration": 49,
    "pid": 11968,
    "index": 62
  },
  {
    "name": "Load Controller",
    "start": 1590028206617,
    "end": 1590028206620,
    "duration": 3,
    "pid": 11968,
    "index": 63
  },
  {
    "name": "Load \"controller\" to Application",
    "start": 1590028206617,
    "end": 1590028206620,
    "duration": 3,
    "pid": 11968,
    "index": 64
  },
  {
    "name": "Load Router",
    "start": 1590028206620,
    "end": 1590028206624,
    "duration": 4,
    "pid": 11968,
    "index": 65
  },
  {
    "name": "Require(48) app/router.js",
    "start": 1590028206621,
    "end": 1590028206621,
    "duration": 0,
    "pid": 11968,
    "index": 66
  },
  {
    "name": "Before Start in node_modules/egg-core/lib/egg.js:303:10",
    "start": 1590028206622,
    "end": 1590028206636,
    "duration": 14,
    "pid": 11968,
    "index": 67
  }
]