[
  {
    "name": "Application Start",
    "start": 1590028193357,
    "end": 1590028205075,
    "duration": 11718,
    "pid": 1948,
    "index": 0
  },
  {
    "name": "Load Plugin",
    "start": 1590028193361,
    "end": 1590028193373,
    "duration": 12,
    "pid": 1948,
    "index": 1
  },
  {
    "name": "Load Config",
    "start": 1590028193374,
    "end": 1590028193396,
    "duration": 22,
    "pid": 1948,
    "index": 2
  },
  {
    "name": "Require(0) config/config.default.js",
    "start": 1590028193374,
    "end": 1590028193374,
    "duration": 0,
    "pid": 1948,
    "index": 3
  },
  {
    "name": "Require(1) node_modules/egg-session/config/config.default.js",
    "start": 1590028193376,
    "end": 1590028193376,
    "duration": 0,
    "pid": 1948,
    "index": 4
  },
  {
    "name": "Require(2) node_modules/egg-security/config/config.default.js",
    "start": 1590028193376,
    "end": 1590028193377,
    "duration": 1,
    "pid": 1948,
    "index": 5
  },
  {
    "name": "Require(3) node_modules/egg-jsonp/config/config.default.js",
    "start": 1590028193378,
    "end": 1590028193378,
    "duration": 0,
    "pid": 1948,
    "index": 6
  },
  {
    "name": "Require(4) node_modules/egg-onerror/config/config.default.js",
    "start": 1590028193379,
    "end": 1590028193379,
    "duration": 0,
    "pid": 1948,
    "index": 7
  },
  {
    "name": "Require(5) node_modules/egg-i18n/config/config.default.js",
    "start": 1590028193380,
    "end": 1590028193380,
    "duration": 0,
    "pid": 1948,
    "index": 8
  },
  {
    "name": "Require(6) node_modules/egg-watcher/config/config.default.js",
    "start": 1590028193381,
    "end": 1590028193381,
    "duration": 0,
    "pid": 1948,
    "index": 9
  },
  {
    "name": "Require(7) node_modules/egg-schedule/config/config.default.js",
    "start": 1590028193382,
    "end": 1590028193382,
    "duration": 0,
    "pid": 1948,
    "index": 10
  },
  {
    "name": "Require(8) node_modules/egg-multipart/config/config.default.js",
    "start": 1590028193383,
    "end": 1590028193384,
    "duration": 1,
    "pid": 1948,
    "index": 11
  },
  {
    "name": "Require(9) node_modules/egg-development/config/config.default.js",
    "start": 1590028193385,
    "end": 1590028193385,
    "duration": 0,
    "pid": 1948,
    "index": 12
  },
  {
    "name": "Require(10) node_modules/egg-logrotator/config/config.default.js",
    "start": 1590028193386,
    "end": 1590028193386,
    "duration": 0,
    "pid": 1948,
    "index": 13
  },
  {
    "name": "Require(11) node_modules/egg-static/config/config.default.js",
    "start": 1590028193386,
    "end": 1590028193387,
    "duration": 1,
    "pid": 1948,
    "index": 14
  },
  {
    "name": "Require(12) node_modules/egg-view/config/config.default.js",
    "start": 1590028193387,
    "end": 1590028193388,
    "duration": 1,
    "pid": 1948,
    "index": 15
  },
  {
    "name": "Require(13) node_modules/egg-mysql/config/config.default.js",
    "start": 1590028193388,
    "end": 1590028193388,
    "duration": 0,
    "pid": 1948,
    "index": 16
  },
  {
    "name": "Require(14) node_modules/egg-cors/config/config.default.js",
    "start": 1590028193389,
    "end": 1590028193389,
    "duration": 0,
    "pid": 1948,
    "index": 17
  },
  {
    "name": "Require(15) node_modules/egg/config/config.default.js",
    "start": 1590028193391,
    "end": 1590028193391,
    "duration": 0,
    "pid": 1948,
    "index": 18
  },
  {
    "name": "Require(16) config/config.default.js",
    "start": 1590028193393,
    "end": 1590028193393,
    "duration": 0,
    "pid": 1948,
    "index": 19
  },
  {
    "name": "Require(17) node_modules/egg-security/config/config.local.js",
    "start": 1590028193393,
    "end": 1590028193393,
    "duration": 0,
    "pid": 1948,
    "index": 20
  },
  {
    "name": "Require(18) node_modules/egg-watcher/config/config.local.js",
    "start": 1590028193394,
    "end": 1590028193394,
    "duration": 0,
    "pid": 1948,
    "index": 21
  },
  {
    "name": "Require(19) node_modules/egg-view/config/config.local.js",
    "start": 1590028193395,
    "end": 1590028193395,
    "duration": 0,
    "pid": 1948,
    "index": 22
  },
  {
    "name": "Require(20) node_modules/egg/config/config.local.js",
    "start": 1590028193396,
    "end": 1590028193396,
    "duration": 0,
    "pid": 1948,
    "index": 23
  },
  {
    "name": "Load extend/application.js",
    "start": 1590028193397,
    "end": 1590028193513,
    "duration": 116,
    "pid": 1948,
    "index": 24
  },
  {
    "name": "Require(21) node_modules/egg-session/app/extend/application.js",
    "start": 1590028193398,
    "end": 1590028193446,
    "duration": 48,
    "pid": 1948,
    "index": 25
  },
  {
    "name": "Require(22) node_modules/egg-security/app/extend/application.js",
    "start": 1590028193457,
    "end": 1590028193468,
    "duration": 11,
    "pid": 1948,
    "index": 26
  },
  {
    "name": "Require(23) node_modules/egg-jsonp/app/extend/application.js",
    "start": 1590028193468,
    "end": 1590028193483,
    "duration": 15,
    "pid": 1948,
    "index": 27
  },
  {
    "name": "Require(24) node_modules/egg-logrotator/app/extend/application.js",
    "start": 1590028193484,
    "end": 1590028193488,
    "duration": 4,
    "pid": 1948,
    "index": 28
  },
  {
    "name": "Require(25) node_modules/egg-view/app/extend/application.js",
    "start": 1590028193489,
    "end": 1590028193510,
    "duration": 21,
    "pid": 1948,
    "index": 29
  },
  {
    "name": "Load extend/request.js",
    "start": 1590028193513,
    "end": 1590028193550,
    "duration": 37,
    "pid": 1948,
    "index": 30
  },
  {
    "name": "Require(26) node_modules/egg/app/extend/request.js",
    "start": 1590028193524,
    "end": 1590028193548,
    "duration": 24,
    "pid": 1948,
    "index": 31
  },
  {
    "name": "Load extend/response.js",
    "start": 1590028193550,
    "end": 1590028193629,
    "duration": 79,
    "pid": 1948,
    "index": 32
  },
  {
    "name": "Require(27) node_modules/egg/app/extend/response.js",
    "start": 1590028193559,
    "end": 1590028193628,
    "duration": 69,
    "pid": 1948,
    "index": 33
  },
  {
    "name": "Load extend/context.js",
    "start": 1590028193630,
    "end": 1590028193681,
    "duration": 51,
    "pid": 1948,
    "index": 34
  },
  {
    "name": "Require(28) node_modules/egg-security/app/extend/context.js",
    "start": 1590028193630,
    "end": 1590028193640,
    "duration": 10,
    "pid": 1948,
    "index": 35
  },
  {
    "name": "Require(29) node_modules/egg-jsonp/app/extend/context.js",
    "start": 1590028193641,
    "end": 1590028193642,
    "duration": 1,
    "pid": 1948,
    "index": 36
  },
  {
    "name": "Require(30) node_modules/egg-i18n/app/extend/context.js",
    "start": 1590028193642,
    "end": 1590028193642,
    "duration": 0,
    "pid": 1948,
    "index": 37
  },
  {
    "name": "Require(31) node_modules/egg-multipart/app/extend/context.js",
    "start": 1590028193643,
    "end": 1590028193677,
    "duration": 34,
    "pid": 1948,
    "index": 38
  },
  {
    "name": "Require(32) node_modules/egg-view/app/extend/context.js",
    "start": 1590028193678,
    "end": 1590028193678,
    "duration": 0,
    "pid": 1948,
    "index": 39
  },
  {
    "name": "Require(33) node_modules/egg/app/extend/context.js",
    "start": 1590028193679,
    "end": 1590028193679,
    "duration": 0,
    "pid": 1948,
    "index": 40
  },
  {
    "name": "Load extend/helper.js",
    "start": 1590028193681,
    "end": 1590028195304,
    "duration": 1623,
    "pid": 1948,
    "index": 41
  },
  {
    "name": "Require(34) node_modules/egg-security/app/extend/helper.js",
    "start": 1590028193692,
    "end": 1590028195210,
    "duration": 1518,
    "pid": 1948,
    "index": 42
  },
  {
    "name": "Require(35) node_modules/egg/app/extend/helper.js",
    "start": 1590028195211,
    "end": 1590028195301,
    "duration": 90,
    "pid": 1948,
    "index": 43
  },
  {
    "name": "Load app.js",
    "start": 1590028195304,
    "end": 1590028201259,
    "duration": 5955,
    "pid": 1948,
    "index": 44
  },
  {
    "name": "Require(36) node_modules/egg-session/app.js",
    "start": 1590028195304,
    "end": 1590028195305,
    "duration": 1,
    "pid": 1948,
    "index": 45
  },
  {
    "name": "Require(37) node_modules/egg-security/app.js",
    "start": 1590028195305,
    "end": 1590028195742,
    "duration": 437,
    "pid": 1948,
    "index": 46
  },
  {
    "name": "Require(38) node_modules/egg-onerror/app.js",
    "start": 1590028195816,
    "end": 1590028198310,
    "duration": 2494,
    "pid": 1948,
    "index": 47
  },
  {
    "name": "Require(39) node_modules/egg-i18n/app.js",
    "start": 1590028198310,
    "end": 1590028200064,
    "duration": 1754,
    "pid": 1948,
    "index": 48
  },
  {
    "name": "Require(40) node_modules/egg-watcher/app.js",
    "start": 1590028200064,
    "end": 1590028200067,
    "duration": 3,
    "pid": 1948,
    "index": 49
  },
  {
    "name": "Require(41) node_modules/egg-schedule/app.js",
    "start": 1590028200067,
    "end": 1590028200156,
    "duration": 89,
    "pid": 1948,
    "index": 50
  },
  {
    "name": "Require(42) node_modules/egg-multipart/app.js",
    "start": 1590028200204,
    "end": 1590028200257,
    "duration": 53,
    "pid": 1948,
    "index": 51
  },
  {
    "name": "Require(43) node_modules/egg-development/app.js",
    "start": 1590028200556,
    "end": 1590028200557,
    "duration": 1,
    "pid": 1948,
    "index": 52
  },
  {
    "name": "Require(44) node_modules/egg-logrotator/app.js",
    "start": 1590028200681,
    "end": 1590028200902,
    "duration": 221,
    "pid": 1948,
    "index": 53
  },
  {
    "name": "Require(45) node_modules/egg-static/app.js",
    "start": 1590028200903,
    "end": 1590028200903,
    "duration": 0,
    "pid": 1948,
    "index": 54
  },
  {
    "name": "Require(46) node_modules/egg-mysql/app.js",
    "start": 1590028200903,
    "end": 1590028200910,
    "duration": 7,
    "pid": 1948,
    "index": 55
  },
  {
    "name": "Require(47) node_modules/egg-cors/app.js",
    "start": 1590028200911,
    "end": 1590028201258,
    "duration": 347,
    "pid": 1948,
    "index": 56
  },
  {
    "name": "Before Start in node_modules/egg-watcher/lib/init.js:15:14",
    "start": 1590028201406,
    "end": 1590028205067,
    "duration": 3661,
    "pid": 1948,
    "index": 57
  },
  {
    "name": "Before Start in node_modules/egg-mysql/lib/mysql.js:20:7",
    "start": 1590028202837,
    "end": 1590028205074,
    "duration": 2237,
    "pid": 1948,
    "index": 58
  },
  {
    "name": "Load Service",
    "start": 1590028202837,
    "end": 1590028202842,
    "duration": 5,
    "pid": 1948,
    "index": 59
  },
  {
    "name": "Load \"service\" to Context",
    "start": 1590028202837,
    "end": 1590028202842,
    "duration": 5,
    "pid": 1948,
    "index": 60
  },
  {
    "name": "Load Middleware",
    "start": 1590028202842,
    "end": 1590028204948,
    "duration": 2106,
    "pid": 1948,
    "index": 61
  },
  {
    "name": "Load \"middlewares\" to Application",
    "start": 1590028202842,
    "end": 1590028204899,
    "duration": 2057,
    "pid": 1948,
    "index": 62
  },
  {
    "name": "Load Controller",
    "start": 1590028204948,
    "end": 1590028204991,
    "duration": 43,
    "pid": 1948,
    "index": 63
  },
  {
    "name": "Load \"controller\" to Application",
    "start": 1590028204948,
    "end": 1590028204991,
    "duration": 43,
    "pid": 1948,
    "index": 64
  },
  {
    "name": "Load Router",
    "start": 1590028204991,
    "end": 1590028205024,
    "duration": 33,
    "pid": 1948,
    "index": 65
  },
  {
    "name": "Require(48) app/router.js",
    "start": 1590028204991,
    "end": 1590028204992,
    "duration": 1,
    "pid": 1948,
    "index": 66
  },
  {
    "name": "Before Start in node_modules/egg-core/lib/egg.js:303:10",
    "start": 1590028204995,
    "end": 1590028205051,
    "duration": 56,
    "pid": 1948,
    "index": 67
  }
]